{
  "results": [
    {
      "command": "/usr/bin/git -C /tmp/grit-bench-scratch add -A",
      "mean": 0.006448590821379312,
      "stddev": 0.0027140194339509735,
      "median": 0.0056852705799999995,
      "user": 0.00117767816091954,
      "system": 0.006646808965517243,
      "min": 0.00439846458,
      "max": 0.018137273580000002,
      "times": [
        0.01650441458,
        0.01457687558,
        0.01496064758,
        0.01517670758,
        0.018137273580000002,
        0.01632783358,
        0.00638736558,
        0.00531574058,
        0.00689373658,
        0.00641573458,
        0.00549929058,
        0.00564431058,
        0.00609415258,
        0.00517073858,
        0.00586902158,
        0.0062347435799999995,
        0.00562094058,
        0.00512493858,
        0.00579557158,
        0.00521777858,
        0.0058986225799999995,
        0.0055536705799999996,
        0.005376680579999999,
        0.00561150058,
        0.00560373058,
        0.00573078058,
        0.00472466658,
        0.0056063495799999995,
        0.0056852705799999995,
        0.005259438579999999,
        0.00491110658,
        0.00499667658,
        0.00458426558,
        0.00594078258,
        0.00513525758,
        0.00572878158,
        0.00449450458,
        0.00625618458,
        0.00504369758,
        0.00439846458,
        0.006243602579999999,
        0.00527468858,
        0.004628475579999999,
        0.0048251475799999995,
        0.00536782058,
        0.0055296795799999994,
        0.00511537858,
        0.00696798658,
        0.0060139925799999995,
        0.00574671158,
        0.0050522675799999995,
        0.00469480558,
        0.0052049385799999995,
        0.007300849579999999,
        0.005084557579999999,
        0.00504171858,
        0.007063007579999999,
        0.0056568415799999995,
        0.0058673115799999995,
        0.00565774058,
        0.00567978058,
        0.00443073558,
        0.00598191258,
        0.005500680579999999,
        0.0058329205799999995,
        0.00712431858,
        0.00653734458,
        0.00647462558,
        0.005801952579999999,
        0.00688319758,
        0.007449730579999999,
        0.007851021579999999,
        0.0053541985799999995,
        0.0058355325799999995,
        0.005610861579999999,
        0.00729003858,
        0.0063861045799999995,
        0.00567756058,
        0.00552727958,
        0.00668279658,
        0.00580650158,
        0.005027218579999999,
        0.00588145258,
        0.00591801158,
        0.00568244158,
        0.00649096558,
        0.00646244458
      ],
      "memory_usage_byte": [
        5636096,
        5636096,
        5636096,
        5636096,
        5636096,
        5636096,
        5636096,
        5636096,
        5636096,
        5636096,
        5636096,
        5636096,
        5636096,
        5636096,
        5636096,
        5636096,
        5636096,
        5636096,
        5636096,
        5636096,
        5636096,
        5636096,
        5636096,
        5636096,
        5636096,
        5636096,
        5636096,
        5636096,
        5636096,
        5636096,
        5636096,
        5636096,
        5636096,
        5636096,
        5636096,
        5636096,
        5636096,
        5636096,
        5636096,
        5636096,
        5636096,
        5636096,
        5636096,
        5636096,
        5636096,
        5636096,
        5636096,
        5636096,
        5636096,
        5636096,
        5636096,
        5636096,
        5636096,
        5636096,
        5636096,
        5636096,
        5636096,
        5636096,
        5636096,
        5636096,
        5636096,
        5636096,
        5636096,
        5636096,
        5636096,
        5636096,
        5636096,
        5636096,
        5636096,
        5636096,
        5636096,
        5636096,
        5636096,
        5636096,
        5636096,
        5636096,
        5636096,
        5636096,
        5636096,
        5636096,
        5636096,
        5636096,
        5636096,
        5636096,
        5636096,
        5636096,
        5636096
      ],
      "exit_codes": [
        0,
        0,
        0,
        0,
        0,
        0,
        0,
        0,
        0,
        0,
        0,
        0,
        0,
        0,
        0,
        0,
        0,
        0,
        0,
        0,
        0,
        0,
        0,
        0,
        0,
        0,
        0,
        0,
        0,
        0,
        0,
        0,
        0,
        0,
        0,
        0,
        0,
        0,
        0,
        0,
        0,
        0,
        0,
        0,
        0,
        0,
        0,
        0,
        0,
        0,
        0,
        0,
        0,
        0,
        0,
        0,
        0,
        0,
        0,
        0,
        0,
        0,
        0,
        0,
        0,
        0,
        0,
        0,
        0,
        0,
        0,
        0,
        0,
        0,
        0,
        0,
        0,
        0,
        0,
        0,
        0,
        0,
        0,
        0,
        0,
        0,
        0
      ]
    },
    {
      "command": "/home/hasi/grit-worktrees/fix-perf2/target/release/grit -C /tmp/grit-bench-scratch add -A",
      "mean": 0.013048114295384616,
      "stddev": 0.001154744531346127,
      "median": 0.012962132080000001,
      "user": 0.004087730769230768,
      "system": 0.008867539999999998,
      "min": 0.010336514580000001,
      "max": 0.01717429858,