{
  "results": [
    {
      "command": "/usr/bin/git -C /home/hasi/grit/bench/.scratch add -A",
      "mean": 0.005684781711111111,
      "stddev": 0.0026593391248378247,
      "median": 0.005040072800000001,
      "user": 0.001051892888888889,
      "system": 0.005849502222222223,
      "min": 0.0035932198000000006,
      "max": 0.0169091388,
      "times": [
        0.016565547800000004,
        0.0168042488,
        0.014852108800000001,
        0.016257585800000002,
        0.0169091388,
        0.0047731757999999996,
        0.0045525468,
        0.0046977168,
        0.0049490578,
        0.004058871800000001,
        0.005877191800000001,
        0.0043820838,
        0.0046984848,
        0.004709726800000001,
        0.0049111268,
        0.004954546800000001,
        0.0057090418,
        0.0039112108,
        0.0038273318000000005,
        0.0048437858,
        0.0043774938,
        0.0044431748,
        0.0042122128,
        0.0042884238,
        0.004760026800000001,
        0.0044744438,
        0.003964540800000001,
        0.004033991800000001,
        0.004315653799999999,
        0.0035932198000000006,
        0.0047215647999999995,
        0.0054530788,
        0.0056574708,
        0.0047755968,
        0.004904517800000001,
        0.0052802588,
        0.0048562968,
        0.005721191800000001,
        0.0055290398,
        0.005572319800000001,
        0.0052268078,
        0.0049380468,
        0.005512439800000001,
        0.0042017128,
        0.0049772058000000004,
        0.0051641377999999995,
        0.0046841648,
        0.004900826800000001,
        0.004996777800000001,
        0.0048914957999999994,
        0.004801035800000001,
        0.0044873528,
        0.005297018800000001,
        0.005254417800000001,
        0.005623120800000001,
        0.0057568398,
        0.0058337618,
        0.0061842328,
        0.0048578258,
        0.0056837198000000005,
        0.005762150800000001,
        0.005816180800000001,
        0.0057158417999999996,
        0.0059157618000000006,
        0.0053846798,
        0.0045918348,
        0.0055819808000000005,
        0.0054726898,
        0.0047116048,
        0.0059047818,
        0.0052422288,
        0.0046436458,
        0.0054607297999999995,
        0.004706434800000001,
        0.005473240800000001,
        0.004567084800000001,
        0.0057225708,
        0.006097463800000001,
        0.005559239800000001,
        0.0045646738,
        0.0054747497999999995,
        0.0050833678,
        0.004685915800000001,
        0.0041730638,
        0.006069611800000001,
        0.006094441800000001,
        0.0054938798,
        0.0063499648,
        0.005765340800000001,
        0.005093207800000001
      ],
      "memory_usage_byte": [
        5636096,
        5636096,
        5636096,
        5636096,
        5636096,
        5636096,
        5636096,
        5636096,
        5636096,
        5636096,
        5636096,
        5636096,
        5636096,
        5636096,
        5636096,
        5636096,
        5636096,
        5636096,
        5636096,
        5636096,
        5636096,
        5636096,
        5636096,
        5636096,
        5636096,
        5636096,
        5636096,
        5636096,
        5636096,
        5636096,
        5636096,
        5636096,
        5636096,
        5636096,
        5636096,
        5636096,
        5636096,
        5636096,
        5636096,
        5636096,
        5636096,
        5636096,
        5636096,
        5636096,
        5636096,
        5636096,
        5636096,
        5636096,
        5636096,
        5636096,
        5636096,
        5636096,
        5636096,
        5636096,
        5636096,
        5636096,
        5636096,
        5636096,
        5636096,
        5636096,
        5636096,
        5636096,
        5636096,
        5636096,
        5636096,
        5636096,
        5636096,
        5636096,
        5636096,
        5636096,
        5636096,
        5636096,
        5636096,
        5636096,
        5636096,
        5636096,
        5636096,
        5636096,
        5636096,
        5636096,
        5636096,
        5636096,
        5636096,
        5636096,
        5636096,
        5636096,
        5636096,
        5636096,
        5636096,
        5636096
      ],
      "exit_codes": [
        0,
        0,
        0,
        0,
        0,
        0,
        0,
        0,
        0,
        0,
        0,
        0,
        0,
        0,
        0,
        0,
        0,
        0,
        0,
        0,
        0,
        0,
        0,
        0,
        0,
        0,
        0,
        0,
        0,
        0,
        0,
        0,
        0,
        0,
        0,
        0,
        0,
        0,
        0,
        0,
        0,
        0,
        0,
        0,
        0,
        0,
        0,
        0,
        0,
        0,
        0,
        0,
        0,
        0,
        0,
        0,
        0,
        0,
        0,
        0,
        0,
        0,
        0,
        0,
        0,
        0,
        0,
        0,
        0,
        0,
        0,
        0,
        0,
        0,
        0,
        0,
        0,
        0,
        0,
        0,
        0,
        0,
        0,
        0,
        0,
        0,
        0,
        0,
        0,
        0
      ]
    },
    {
      "command": "/home/hasi/grit/target/release/grit -C /home/hasi/grit/bench/.scratch add -A",
      "mean": 0.03283194419436621,
      "stddev": 0.0027296619527920215,
      "median": 0.0322904398,
      "user": 0.008889840281690143,
      "system": 0.02383604338028169,
      "min": 0.028485669800000002,
      "max": 0.0415308178,
      "times": [
        0.0322904398,
        0.030159128800000004,
        0.031022483800000004,
        0.029699736800000005,
        0.028485669800000002,
        0.0319362578,
        0.0317668268,
        0.030573471800000005,
        0.0346125928,
        0.0322246898,
        0.030929673800000005,
        0.037839589800000004,
        0.0314066148,
        0.0415308178,
        0.0365354518,
        0.030031017800000004,
        0.0355613278,
        0.0322101398,
        0.0326789518,
        0.029440384800000004,
        0.0315940458,
        0.0373575158,
        0.0307731618,
        0.0324663118,
        0.0355505278,
        0.030482960800000004,
        0.0365528118,
        0.030807351800000004,
        0.031135503800000002,
        0.0305582918,
        0.0297779568,
        0.029999948800000002,
        0.029854357800000002,
        0.031157873800000003,
        0.0360216708,
        0.0333474758,
        0.0353739468,
        0.0316250858,
        0.037489557800000003,
        0.029076532800000002,
        0.0324098308,
        0.0347183538,
        0.031177444800000006,
        0.030103818800000005,
        0.0333951358,
        0.0333307358,
        0.0365596628,
        0.0365192128,
        0.036415441800000004,
        0.0335145658,
        0.0323086908,
        0.0350039128,
        0.0321075088,
        0.030185017800000002,
        0.0323851108,
        0.0336848668,
        0.029266604800000002,
        0.0345746618,
        0.0365114818,
        0.0359736198,
        0.0366500718,
        0.0341072198,
        0.0330116628,
        0.030392798800000002,
        0.029225524800000003,
        0.0310744438,
        0.0337294478,
        0.0365929128,
        0.030220349800000004,
        0.0337856088,
        0.030194159800000002
      ],