{
  "results": [
    {
      "command": "/usr/bin/git -C /home/hasi/grit/bench/.scratch add -A",
      "mean": 0.00606128714285714,
      "stddev": 0.0027182890781034933,
      "median": 0.0055004095,
      "user": 0.0009685919047619049,
      "system": 0.006466630476190475,
      "min": 0.0041059875,
      "max": 0.017438797500000002,
      "times": [
        0.0170962145,
        0.017114265500000003,
        0.016671202500000003,
        0.017438797500000002,
        0.014195449500000002,
        0.005120683500000001,
        0.005865877500000001,
        0.006438430500000001,
        0.005813716500000001,
        0.005737105500000001,
        0.005720885500000001,
        0.0044127795,
        0.0041059875,
        0.004753371500000001,
        0.0051576525,
        0.004979252500000001,
        0.005058842500000001,
        0.004780210500000001,
        0.005790046500000001,
        0.0053314735,
        0.005758656500000001,
        0.0056528155,
        0.0049673025,
        0.0052270535,
        0.0054725345,
        0.0062260885,
        0.0051269625,
        0.0053185335,
        0.0055248145,
        0.005850196500000001,
        0.004533319500000001,
        0.0055741955,
        0.0054608555,
        0.0055929065000000005,
        0.0072271735000000005,
        0.006308239500000001,
        0.005898457500000001,
        0.006018138500000001,
        0.0058580575000000005,
        0.0046623595,
        0.0055393955000000005,
        0.006135487500000001,
        0.0056247555,
        0.005606855500000001,
        0.0049533915,
        0.005704255500000001,
        0.0058387355,
        0.006158137500000001,
        0.006153467500000001,
        0.0049544115,
        0.0064736395,
        0.005793526500000001,
        0.0056517855,
        0.0063233995,
        0.005563045500000001,
        0.0055522755,
        0.0063041995000000005,
        0.0050777025000000005,
        0.0054502255,
        0.0055079945,
        0.005108263500000001,
        0.0056276855,
        0.0051312835,
        0.004417659500000001,
        0.0052608425000000006,
        0.0051814035,
        0.0047748305000000005,
        0.004938861500000001,
        0.0042944285,
        0.0050799825,
        0.0054018345,
        0.0049458415,
        0.0051901815,
        0.0054928245,
        0.0061941985,
        0.0050323915,
        0.0048822515,
        0.0055381455,
        0.0045075195,
        0.0046020805,
        0.0048451425,
        0.0044752185,
        0.005242814500000001,
        0.004774841500000001
      ],
      "memory_usage_byte": [
        5636096,
        5636096,
        5636096,
        5636096,
        5636096,
        5636096,
        5636096,
        5636096,
        5636096,
        5636096,
        5636096,
        5636096,
        5636096,
        5636096,
        5636096,
        5636096,
        5636096,
        5636096,
        5636096,
        5636096,
        5636096,
        5636096,
        5636096,
        5636096,
        5636096,
        5636096,
        5636096,
        5636096,
        5636096,
        5636096,
        5636096,
        5636096,
        5636096,
        5636096,
        5636096,
        5636096,
        5636096,
        5636096,
        5636096,
        5636096,
        5636096,
        5636096,
        5636096,
        5636096,
        5636096,
        5636096,
        5636096,
        5636096,
        5636096,
        5636096,
        5636096,
        5636096,
        5636096,
        5636096,
        5636096,
        5636096,
        5636096,
        5636096,
        5636096,
        5636096,
        5636096,
        5636096,
        5636096,
        5636096,
        5636096,
        5636096,
        5636096,
        5636096,
        5636096,
        5636096,
        5636096,
        5636096,
        5636096,
        5636096,
        5636096,
        5636096,
        5636096,
        5636096,
        5636096,
        5636096,
        5636096,
        5636096,
        5636096,
        5636096
      ],
      "exit_codes": [
        0,
        0,
        0,
        0,
        0,
        0,
        0,
        0,
        0,
        0,
        0,
        0,
        0,
        0,
        0,
        0,
        0,
        0,
        0,
        0,
        0,
        0,
        0,
        0,
        0,
        0,
        0,
        0,
        0,
        0,
        0,
        0,
        0,
        0,
        0,
        0,
        0,
        0,
        0,
        0,
        0,
        0,
        0,
        0,
        0,
        0,
        0,
        0,
        0,
        0,
        0,
        0,
        0,
        0,
        0,
        0,
        0,
        0,
        0,
        0,
        0,
        0,
        0,
        0,
        0,
        0,
        0,
        0,
        0,
        0,
        0,
        0,
        0,
        0,
        0,
        0,
        0,
        0,
        0,
        0,
        0,
        0,
        0,
        0
      ]
    },
    {
      "command": "/home/hasi/grit/target/release/grit -C /home/hasi/grit/bench/.scratch add -A",
      "mean": 0.015368768890624994,
      "stddev": 0.0016507948370944735,
      "median": 0.015375886500000002,
      "user": 0.0037760390624999992,
      "system": 0.011521057187499992,
      "min": 0.0116184165,
      "max": 0.020728154500000002,