{
  "results": [
    {
      "command": "/usr/bin/git -C /home/hasi/grit/bench/.scratch add -A",
      "mean": 0.005366869813488372,
      "stddev": 0.001433744660388631,
      "median": 0.00526286736,
      "user": 0.0010551976744186046,
      "system": 0.0056727706976744206,
      "min": 0.0038585723600000005,
      "max": 0.01718455136,
      "times": [
        0.01718455136,
        0.004883667360000001,
        0.006522314360000001,
        0.00580774936,
        0.00562659036,
        0.0056312383600000005,
        0.005151807360000001,
        0.00479659536,
        0.00497951636,
        0.004465204360000001,
        0.004987296360000001,
        0.00556284936,
        0.00459929536,
        0.005414809360000001,
        0.004902726360000001,
        0.00493164536,
        0.00561527936,
        0.005951511360000001,
        0.00601547236,
        0.005477339360000001,
        0.00526038736,
        0.00458533436,
        0.005363659360000001,
        0.006249093360000001,
        0.006010621360000001,
        0.005812100360000001,
        0.00533979936,
        0.005772130360000001,
        0.006251323360000001,
        0.00536761736,
        0.005098256360000001,
        0.00529183836,
        0.00526534736,
        0.004545595360000001,
        0.00558453036,
        0.00565812036,
        0.0045094233600000005,
        0.00557350936,
        0.00472232636,
        0.005157527360000001,
        0.00530982836,
        0.00428593436,
        0.00474662536,
        0.00467243536,
        0.00625936236,
        0.0054557393600000005,
        0.00548566836,
        0.004862846360000001,
        0.00506597636,
        0.004846526360000001,
        0.00588668036,
        0.00688953536,
        0.004286673360000001,
        0.00456019636,
        0.004352454360000001,
        0.00527674736,
        0.005368499360000001,
        0.00433521336,
        0.005226028360000001,
        0.00545475936,
        0.00464183436,
        0.0049981463600000005,
        0.004297903360000001,
        0.0045242953600000005,
        0.004356534360000001,
        0.00494201536,
        0.00609344236,
        0.00477671536,
        0.0053902583600000005,
        0.00456566536,
        0.00502231736,
        0.00504625636,
        0.007094867360000001,
        0.006021211360000001,
        0.005448229360000001,
        0.005158107360000001,
        0.0048532663600000005,
        0.003965762360000001,
        0.00556837936,
        0.00461254536,
        0.0038585723600000005,
        0.00524474936,
        0.00539000836,
        0.006171932360000001,
        0.005499328360000001,
        0.0054547293600000005
      ],
      "memory_usage_byte": [
        5505024,
        5505024,
        5505024,
        5505024,
        5505024,
        5505024,
        5505024,
        5505024,
        5505024,
        5505024,
        5505024,
        5505024,
        5505024,
        5505024,
        5505024,
        5505024,
        5505024,
        5505024,
        5505024,
        5505024,
        5505024,
        5505024,
        5505024,
        5505024,
        5505024,
        5505024,
        5505024,
        5505024,
        5505024,
        5505024,
        5505024,
        5505024,
        5505024,
        5505024,
        5505024,
        5505024,
        5505024,
        5505024,
        5505024,
        5505024,
        5505024,
        5505024,
        5505024,
        5505024,
        5505024,
        5505024,
        5505024,
        5505024,
        5505024,
        5505024,
        5505024,
        5505024,
        5505024,
        5505024,
        5505024,
        5505024,
        5505024,
        5505024,
        5505024,
        5505024,
        5505024,
        5505024,
        5505024,
        5505024,
        5505024,
        5505024,
        5505024,
        5505024,
        5505024,
        5505024,
        5505024,
        5505024,
        5505024,
        5505024,
        5505024,
        5505024,
        5505024,
        5505024,
        5505024,
        5505024,
        5505024,
        5505024,
        5505024,
        5505024,
        5505024,
        5505024
      ],
      "exit_codes": [
        0,
        0,
        0,
        0,
        0,
        0,
        0,
        0,
        0,
        0,
        0,
        0,
        0,
        0,
        0,
        0,
        0,
        0,
        0,
        0,
        0,
        0,
        0,
        0,
        0,
        0,
        0,
        0,
        0,
        0,
        0,
        0,
        0,
        0,
        0,
        0,
        0,
        0,
        0,
        0,
        0,
        0,
        0,
        0,
        0,
        0,
        0,
        0,
        0,
        0,
        0,
        0,
        0,
        0,
        0,
        0,
        0,
        0,
        0,
        0,
        0,
        0,
        0,
        0,
        0,
        0,
        0,
        0,
        0,
        0,
        0,
        0,
        0,
        0,
        0,
        0,
        0,
        0,
        0,
        0,
        0,
        0,
        0,
        0,
        0,
        0
      ]
    },
    {
      "command": "/home/hasi/grit/target/release/grit -C /home/hasi/grit/bench/.scratch add -A",
      "mean": 0.04065638367578949,
      "stddev": 0.02252734078078645,
      "median": 0.03392030086,
      "user": 0.01132731052631579,
      "system": 0.029046743157894735,
      "min": 0.02852468236,
      "max": 0.16373224436,
      "times": [
        0.03022223936,
        0.031266233360000006,
        0.032646830360000004,
        0.03077098136,
        0.03164203536000001,
        0.034946120360000006,
        0.031529274360000005,
        0.03135882336,
        0.03189559636000001,
        0.030750582360000004,
        0.030392230359999998,
        0.03066759036,
        0.031180452360000003,
        0.031110293360000003,
        0.031277374360000006,
        0.03159693536,
        0.031789716360000005,
        0.03315795136000001,
        0.031264973360000003,
        0.030804412360000002,
        0.036130805360000004,
        0.030309969360000005,
        0.03210460836,
        0.032408299360000004,
        0.035054050360000005,
        0.032298507360000006,
        0.030953772360000003,
        0.02966057536,
        0.030463750360000003,
        0.033413494360000004,
        0.03021043936,
        0.03064867136,
        0.03376515536000001,
        0.02852468236,
        0.031980527360000004,
        0.03018245836,
        0.02994189736,
        0.030013489360000003,
        0.03004071836,
        0.030695820360000004,
        0.034075446360000004,
        0.035137540360000004,
        0.03508989036000001,
        0.041585980360000004,
        0.035952634360000006,
        0.03947414036000001,
        0.037749673360000006,
        0.03332060236000001,
        0.037880633360000006,
        0.03524601136,
        0.03558025336000001,
        0.04145006936000001,
        0.03799919436,
        0.03577633336,
        0.03547807236000001,
        0.034561799360000006,
        0.03635560536000001,
        0.036111515360000006,
        0.03600401436,
        0.03702658836000001,
        0.03678880836000001,
        0.04346952836,
        0.04636754136000001,
        0.16373224436,
        0.07569554136000001,
        0.04434854236000001,
        0.043483468360000006,
        0.04610706936,
        0.09361700036000001,
        0.03865525636000001,
        0.06881391136000001,
        0.04610756936,
        0.06220319136000001,
        0.08722931136,
        0.055874272360000005,
        0.14646356636000002
      ],