{
  "results": [
    {
      "command": "/usr/bin/git -C /home/hasi/grit/bench/.scratch add -A",
      "mean": 0.006687006871111112,
      "stddev": 0.003375522132345705,
      "median": 0.0056168226600000004,
      "user": 0.00105316,
      "system": 0.0069981666666666656,
      "min": 0.004347846660000001,
      "max": 0.020755632660000002,
      "times": [
        0.01600262766,
        0.014432708660000002,
        0.017226664660000002,
        0.014538329660000002,
        0.017740434660000002,
        0.020755632660000002,
        0.01692512266,
        0.01563803566,
        0.01498655066,
        0.00557422266,
        0.005132090660000001,
        0.00580662266,
        0.0061084456600000005,
        0.0059449546600000005,
        0.00561187266,
        0.00600919566,
        0.00688064966,
        0.0051986116600000005,
        0.00629931666,
        0.00583350366,
        0.004693808660000001,
        0.005438701660000001,
        0.00516171166,
        0.0047116486600000005,
        0.0062370266600000005,
        0.00668884766,
        0.00585596466,
        0.005822173660000001,
        0.005599033660000001,
        0.00555072266,
        0.00557234266,
        0.005254610660000001,
        0.00507010066,
        0.00570562366,
        0.00566602366,
        0.00574247466,
        0.00669023866,
        0.00550295266,
        0.00503633066,
        0.00549982366,
        0.00530446066,
        0.0057803546600000005,
        0.0056286426600000005,
        0.005509572660000001,
        0.00586097366,
        0.00608688566,
        0.00526464066,
        0.00565837366,
        0.00545547266,
        0.0067240686600000005,
        0.00506935066,
        0.0062712856600000005,
        0.00537094266,
        0.005000139660000001,
        0.00612608666,
        0.005827873660000001,
        0.0054798836600000005,
        0.005204220660000001,
        0.00584725366,
        0.00782468566,
        0.00561084266,
        0.00584941366,
        0.0062151266600000005,
        0.00544403166,
        0.00553926166,
        0.005571161660000001,
        0.00528838166,
        0.00587547466,
        0.00461737666,
        0.00571977366,
        0.00531914066,
        0.0053870116600000005,
        0.00565442366,
        0.00532031166,
        0.00461808866,
        0.00485227966,
        0.00557264366,
        0.00521294066,
        0.00486216866,
        0.00544004266,
        0.0048020686600000004,
        0.006110885660000001,
        0.00517691966,
        0.004347846660000001,
        0.00508681966,
        0.0061886356600000005,
        0.00517117066,
        0.0056217726600000005,
        0.00596920566,
        0.005944474660000001
      ],
      "memory_usage_byte": [
        5505024,
        5505024,
        5505024,
        5505024,
        5505024,
        5505024,
        5505024,
        5505024,
        5505024,
        5505024,
        5505024,
        5505024,
        5505024,
        5505024,
        5505024,
        5505024,
        5505024,
        5505024,
        5505024,
        5505024,
        5505024,
        5505024,
        5505024,
        5505024,
        5505024,
        5505024,
        5505024,
        5505024,
        5505024,
        5505024,
        5505024,
        5505024,
        5505024,
        5505024,
        5505024,
        5505024,
        5505024,
        5505024,
        5505024,
        5505024,
        5505024,
        5505024,
        5505024,
        5505024,
        5505024,
        5505024,
        5505024,
        5505024,
        5505024,
        5505024,
        5505024,
        5505024,
        5505024,
        5505024,
        5505024,
        5505024,
        5505024,
        5505024,
        5505024,
        5505024,
        5505024,
        5505024,
        5505024,
        5505024,
        5505024,
        5505024,
        5505024,
        5505024,
        5505024,
        5505024,
        5505024,
        5505024,
        5505024,
        5505024,
        5505024,
        5505024,
        5505024,
        5505024,
        5505024,
        5505024,
        5505024,
        5505024,
        5505024,
        5505024,
        5505024,
        5505024,
        5505024,
        5505024,
        5505024,
        5505024
      ],
      "exit_codes": [
        0,
        0,
        0,
        0,
        0,
        0,
        0,
        0,
        0,
        0,
        0,
        0,
        0,
        0,
        0,
        0,
        0,
        0,
        0,
        0,
        0,
        0,
        0,
        0,
        0,
        0,
        0,
        0,
        0,
        0,
        0,
        0,
        0,
        0,
        0,
        0,
        0,
        0,
        0,
        0,
        0,
        0,
        0,
        0,
        0,
        0,
        0,
        0,
        0,
        0,
        0,
        0,
        0,
        0,
        0,
        0,
        0,
        0,
        0,
        0,
        0,
        0,
        0,
        0,
        0,
        0,
        0,
        0,
        0,
        0,
        0,
        0,
        0,
        0,
        0,
        0,
        0,
        0,
        0,
        0,
        0,
        0,
        0,
        0,
        0,
        0,
        0,
        0,
        0,
        0
      ]
    },
    {
      "command": "/home/hasi/grit/target/release/grit -C /home/hasi/grit/bench/.scratch add -A",
      "mean": 0.016816552360934572,
      "stddev": 0.0020825222448709016,
      "median": 0.01645772966,
      "user": 0.00441502598130841,
      "system": 0.01230308598130841,
      "min": 0.012576128660000001,
      "max": 0.02608845066,