{
  "results": [
    {
      "command": "/usr/bin/git -C /home/hasi/grit/bench/.scratch mv dir1/file1.txt dir1/file1-renamed.txt",
      "mean": 0.0028065527814814827,
      "stddev": 0.00040825877839229733,
      "median": 0.0028163153000000003,
      "user": 0.0006814666666666668,
      "system": 0.002226327851851851,
      "min": 0.0019516513,
      "max": 0.0038913603000000005,
      "times": [
        0.0038058703,
        0.0019516513,
        0.0030317763000000005,
        0.0031792183000000007,
        0.0023623913000000002,
        0.0027336543000000004,
        0.0030635863000000006,
        0.0024066123000000003,
        0.0025943733,
        0.0028864143000000004,
        0.0034091573,
        0.0028493153000000004,
        0.0037596293,
        0.0029468053000000004,
        0.0030203853,
        0.0024745123000000004,
        0.0033624073,
        0.0025946033,
        0.0026159833,
        0.0034317083,
        0.0035234683000000006,
        0.0032929483,
        0.0026400153000000004,
        0.0023194233000000002,
        0.0024507233000000002,
        0.0028980753,
        0.0030224953000000006,
        0.0032328773,
        0.0029719363,
        0.0038913603000000005,
        0.0023519813,
        0.0024257523000000003,
        0.0026706033000000002,
        0.0031967773,
        0.0027235043000000004,
        0.0026398843000000004,
        0.0027108243000000002,
        0.0026730043,
        0.0024128743000000003,
        0.0025553633000000003,
        0.0029378753000000005,
        0.0034298383000000007,
        0.0027440743,
        0.0028871453000000004,
        0.0029965863000000004,
        0.0030071253,
        0.0033653583000000003,
        0.0033577573,
        0.0028325143,
        0.0028354063,
        0.0027343543,
        0.0022402413,
        0.0028750453000000002,
        0.0022688223000000003,
        0.0032364883000000006,
        0.0024998933,
        0.0032728373000000003,
        0.0024085423,
        0.0028163153000000003,
        0.0027419643,
        0.0027858553000000004,
        0.0027016343,
        0.0020657103000000002,
        0.0023472713000000003,
        0.0029865553000000006,
        0.0024908633000000004,
        0.0029016643,
        0.0030117663000000005,
        0.0032764063000000005,
        0.0024417033,
        0.0023334513000000004,
        0.0029489853000000004,
        0.0019949003,
        0.0024238223,
        0.0025546533,
        0.0023275833000000004,
        0.0026323033000000004,
        0.0026920043,
        0.0022150913000000003,
        0.0024348323,
        0.0034119783,
        0.0028815743,
        0.0030595163000000005,
        0.0025707043,
        0.0032681983000000005,
        0.0032020363000000007,
        0.0033749783000000004,
        0.0022254313,
        0.0025569733000000002,
        0.0027778343000000004,
        0.0036225193,
        0.0024387833,
        0.0030898363,
        0.0024272423,
        0.0024132233,
        0.0025134133,
        0.0028903143000000003,
        0.0026531243000000003,
        0.0028778253,
        0.0032329083,
        0.0024588833000000004,
        0.0020277893000000004,
        0.0034482973,
        0.0025060643000000002,
        0.0024805043000000002,
        0.0025727933000000004,
        0.0027785853,
        0.0031082763000000006,
        0.0028525063000000004,
        0.0031871563000000006,
        0.0030021463000000003,
        0.0026617133,
        0.0028790753,
        0.0030082263000000007,
        0.0021196213,
        0.0030319173,
        0.0035486493000000006,
        0.0034708393000000004,
        0.0028879263000000004,
        0.0027271833000000003,
        0.0029361353000000004,
        0.0031841763,
        0.0022955423000000003,
        0.0021037713,
        0.0023108533000000004,
        0.0025181543000000004,
        0.0020974503000000004,
        0.0031065073,
        0.0024085943,
        0.0031436973000000005,
        0.0031866773000000003,
        0.0028470943,
        0.0029821653000000007,
        0.0029193153,
        0.0024587333000000004
      ],
      "memory_usage_byte": [
        5898240,
        5898240,
        5898240,
        5898240,
        5898240,
        5898240,
        5898240,
        5898240,
        5898240,
        5898240,
        5898240,
        5898240,
        5898240,
        5898240,
        5898240,
        5898240,
        5898240,
        5898240,
        5898240,
        5898240,
        5898240,
        5898240,
        5898240,
        5898240,
        5898240,
        5898240,
        5898240,
        5898240,
        5898240,
        5898240,
        5898240,
        5898240,
        5898240,
        5898240,
        5898240,
        5898240,
        5898240,
        5898240,
        5898240,
        5898240,
        5898240,
        5898240,
        5898240,
        5898240,
        5898240,
        5898240,
        5898240,
        5898240,
        5898240,
        5898240,
        5898240,
        5898240,
        5898240,
        5898240,
        5898240,
        5898240,
        5898240,
        5898240,
        5898240,
        5898240,
        5898240,
        5898240,
        5898240,
        5898240,
        5898240,
        5898240,
        5898240,
        5898240,
        5898240,
        5898240,
        5898240,
        5898240,
        5898240,
        5898240,
        5898240,
        5898240,
        5898240,
        5898240,
        5898240,
        5898240,
        5898240,
        5898240,
        5898240,
        5898240,
        5898240,
        5898240,
        5898240,
        5898240,
        5898240,
        5898240,
        5898240,
        5898240,
        5898240,
        5898240,
        5898240,
        5898240,
        5898240,
        5898240,
        5898240,
        5898240,
        5898240,
        5898240,
        5898240,
        5898240,
        5898240,
        5898240,
        5898240,
        5898240,
        5898240,
        5898240,
        5898240,
        5898240,
        5898240,
        5898240,
        5898240,
        5898240,
        5898240,
        5898240,
        5898240,
        5898240,
        5898240,
        5898240,
        5898240,
        5898240,
        5898240,
        5898240,
        5898240,
        5898240,
        5898240,
        5898240,
        5898240,
        5898240,
        5898240,
        5898240,
        5898240
      ],