{
  "results": [
    {
      "command": "/usr/bin/git -C /home/hasi/grit/bench/.scratch reset -q --mixed 30ada1beb086d1a282a484fcb9c505a3a3168a06",
      "mean": 0.00715235657798561,
      "stddev": 0.0011628343036693052,
      "median": 0.00706377106,
      "user": 0.001829464028776978,
      "system": 0.006641709640287768,
      "min": 0.00514549106,
      "max": 0.010479219060000001,
      "times": [
        0.01023588706,
        0.00961869406,
        0.00757820306,
        0.00959993406,
        0.00966009406,
        0.00886584006,
        0.00877295106,
        0.00982191606,
        0.010479219060000001,
        0.00999311606,
        0.00928350206,
        0.00935466106,
        0.00958338406,
        0.00875889006,
        0.008974751060000001,
        0.01003428606,
        0.00890221006,
        0.00939714306,
        0.00697040006,
        0.0072229120599999995,
        0.006957969059999999,
        0.00699403006,
        0.00641363606,
        0.00767419406,
        0.00821585606,
        0.0073125340600000005,
        0.00613802506,
        0.007356541060000001,
        0.007489003060000001,
        0.007082960060000001,
        0.00772810306,
        0.00712860006,
        0.00630653706,
        0.0077129940600000006,
        0.00541225206,
        0.00592523506,
        0.00638945706,
        0.00580236306,
        0.00629926606,
        0.00743806306,
        0.00638975706,
        0.00568648306,
        0.007125300060000001,
        0.007113762060000001,
        0.00569868506,
        0.00537075206,
        0.007267431060000001,
        0.00744833206,
        0.006402077060000001,
        0.0064990570600000006,
        0.00613983706,
        0.0070066810600000005,
        0.0068928400600000005,
        0.00655711806,
        0.00715113106,
        0.00618966706,
        0.00538259106,
        0.00666475906,
        0.00591774506,
        0.0055340230600000005,
        0.00669826906,
        0.00688649006,
        0.00598807606,
        0.00567307406,
        0.007732675060000001,
        0.007630024060000001,
        0.00648644806,
        0.00799152606,
        0.00791782606,
        0.00708334106,
        0.00611256706,
        0.00754582306,
        0.00693584006,
        0.00585172406,
        0.00706377106,
        0.0071068710600000005,
        0.0070675100600000006,
        0.0070946010600000005,
        0.006867409059999999,
        0.0066849590600000005,
        0.00636352806,
        0.0059522750600000006,
        0.00738858306,
        0.007793864060000001,
        0.00652585906,
        0.00781854406,
        0.006503928060000001,
        0.00803369606,
        0.00717946006,
        0.00839705906,
        0.00757764306,
        0.00583902506,
        0.006597258060000001,
        0.007234573060000001,
        0.00625466706,
        0.00667960906,
        0.00724478206,
        0.00645537806,
        0.00576935406,
        0.00654978706,
        0.00664641906,
        0.0053599430600000005,
        0.00717359106,
        0.00746225306,
        0.0074124820599999995,
        0.00545893206,
        0.00686223106,
        0.00880276906,
        0.00695303106,
        0.007242463060000001,
        0.00752132206,
        0.00757274306,
        0.00664373806,
        0.00581749406,
        0.00614304706,
        0.00514549106,
        0.00573189306,
        0.01023678706,
        0.007050101060000001,
        0.00710297006,
        0.006995481060000001,
        0.007731684060000001,
        0.006703779060000001,
        0.007400793060000001,
        0.00697252106,
        0.00616157606,
        0.00706065006,
        0.00723164206,
        0.00596526506,
        0.007067411060000001,
        0.00666664906,
        0.00575916306,
        0.006767599060000001,
        0.00607285606,
        0.0071746310600000005,
        0.00711029006,
        0.00738294206,
        0.00758995306,
        0.00612163606
      ],
      "memory_usage_byte": [
        5767168,
        5767168,
        5767168,
        5767168,
        5767168,
        5767168,
        5767168,
        5767168,
        5767168,
        5767168,
        5767168,
        5767168,
        5767168,
        5767168,
        5767168,
        5767168,
        5767168,
        5767168,
        5767168,
        5898240,
        5898240,
        5898240,
        5898240,
        5898240,
        5898240,
        5898240,
        5898240,
        5898240,
        5898240,
        5898240,
        5898240,
        5898240,
        5898240,
        5898240,
        5898240,
        5898240,
        5898240,
        5898240,
        5898240,
        5898240,
        5898240,
        5898240,
        5898240,
        5898240,
        5898240,
        5898240,
        5898240,
        5898240,
        5898240,
        5898240,
        5898240,
        5898240,
        5898240,
        5898240,
        5898240,
        5898240,
        5898240,
        5898240,
        5898240,
        5898240,
        5898240,
        5898240,
        5898240,
        5898240,
        5898240,
        5898240,
        5898240,
        5898240,
        5898240,
        5898240,
        5898240,
        5898240,
        5898240,
        5898240,
        5898240,
        5898240,
        5898240,
        5898240,
        5898240,
        5898240,
        5898240,
        5898240,
        5898240,
        5898240,
        5898240,
        5898240,
        5898240,
        5898240,
        5898240,
        5898240,
        5898240,
        5898240,
        5898240,
        5898240,
        5898240,
        5898240,
        5898240,
        5898240,
        5898240,
        5898240,
        5898240,
        5898240,
        5898240,
        5898240,
        5898240,
        5898240,
        5898240,
        5898240,
        5898240,
        5898240,
        5898240,
        5898240,
        5898240,
        5898240,
        5898240,
        5898240,
        5898240,
        5898240,
        5898240,
        5898240,
        5898240,
        5898240,
        5898240,
        5898240,
        5898240,
        5898240,
        5898240,
        5898240,
        5898240,
        5898240,
        5898240,
        5898240,
        5898240,
        5898240,
        5898240,
        5898240,
        5898240,
        5898240,
        5898240
      ],