{
  "results": [
    {
      "command": "/usr/bin/git -C /home/hasi/grit/bench/.scratch rm -q --cached dir1/file1.txt",
      "mean": 0.004249226923750002,
      "stddev": 0.000805862393813364,
      "median": 0.004072646080000001,
      "user": 0.0011875964062499995,
      "system": 0.003223993749999999,
      "min": 0.00292902008,
      "max": 0.006415398080000001,
      "times": [
        0.005853235080000001,
        0.006250256080000001,
        0.00494297008,
        0.005126541080000001,
        0.005121111080000001,
        0.006140727080000001,
        0.004827739080000001,
        0.0041074360800000004,
        0.005478773080000001,
        0.00456242908,
        0.005190181080000001,
        0.004932240080000001,
        0.00623555608,
        0.006415398080000001,
        0.00590745508,
        0.004661018080000001,
        0.0048392200800000005,
        0.0063689170800000005,
        0.00624166608,
        0.006181057080000001,
        0.00568382408,
        0.005599553080000001,
        0.005969577080000001,
        0.006083497080000001,
        0.00526990108,
        0.0038614930800000002,
        0.00363997308,
        0.0045734990800000005,
        0.00449118908,
        0.0036384740800000006,
        0.00394002508,
        0.004358067080000001,
        0.00447371808,
        0.0036973930800000008,
        0.004570928080000001,
        0.004179676080000001,
        0.0031919130800000008,
        0.003909725080000001,
        0.004682709080000001,
        0.003925134080000001,
        0.00432356708,
        0.004135706080000001,
        0.00359803308,
        0.004586019080000001,
        0.00405287608,
        0.004769759080000001,
        0.003918126080000001,
        0.00386046508,
        0.0036277730800000005,
        0.00433676808,
        0.004659980080000001,
        0.003986326080000001,
        0.0033518320800000004,
        0.0032520820800000004,
        0.00347580308,
        0.004198887080000001,
        0.0035542440800000004,
        0.00364835408,
        0.004350057080000001,
        0.0037536750800000003,
        0.004245136080000001,
        0.004581779080000001,
        0.0034430020800000002,
        0.00435788708,
        0.00407168608,
        0.0044917190800000005,
        0.00395906608,
        0.0033869820800000007,
        0.00428305708,
        0.0036122930800000005,
        0.00388851508,
        0.0036023940800000006,
        0.00370138408,
        0.004961041080000001,
        0.00442895708,
        0.0037709740800000004,
        0.00382479408,
        0.0037677840800000003,
        0.00445650808,
        0.0038961550800000007,
        0.0031863010800000004,
        0.0035771820800000005,
        0.003922735080000001,
        0.00407360608,
        0.00292902008,
        0.00438004708,
        0.0030248400800000005,
        0.004681109080000001,
        0.0034867330800000002,
        0.0037630150800000003,
        0.00399588608,
        0.00408104608,
        0.003912665080000001,
        0.00339279208,
        0.0034590730800000006,
        0.00434981708,
        0.00426965708,
        0.00418081608,
        0.00415275608,
        0.0035636830800000003,
        0.00311993108,
        0.0035613030800000006,
        0.00421691708,
        0.00478214008,
        0.0035500140800000003,
        0.004474668080000001,
        0.00369085408,
        0.00360929308,
        0.0032381310800000005,
        0.0038931050800000006,
        0.00323545108,
        0.00305513008,
        0.00380303408,
        0.004586159080000001,
        0.0038054040800000006,
        0.004031955080000001,
        0.0038639940800000005,
        0.00363017308,
        0.0035299230800000005,
        0.00437976708,
        0.004533998080000001,
        0.0047456990800000005,
        0.0033274910800000007,
        0.004466958080000001,
        0.0033879220800000004,
        0.004057975080000001,
        0.0037455440800000005,
        0.00389968608
      ],
      "memory_usage_byte": [
        5767168,
        5767168,
        5767168,
        5767168,
        5767168,
        5767168,
        5767168,
        5767168,
        5767168,
        5767168,
        5767168,
        5767168,
        5767168,
        5767168,
        5767168,
        5767168,
        5767168,
        5767168,
        5767168,
        5767168,
        5767168,
        5767168,
        5767168,
        5767168,
        5767168,
        5767168,
        5767168,
        5767168,
        5767168,
        5767168,
        5767168,
        5767168,
        5767168,
        5767168,
        5767168,
        5767168,
        5767168,
        5767168,
        5767168,
        5767168,
        5767168,
        5767168,
        5767168,
        5767168,
        5767168,
        5767168,
        5767168,
        5767168,
        5767168,
        5767168,
        5767168,
        5767168,
        5767168,
        5767168,
        5767168,
        5767168,
        5767168,
        5767168,
        5767168,
        5767168,
        5767168,
        5767168,
        5767168,
        5767168,
        5767168,
        5767168,
        5767168,
        5767168,
        5767168,
        5767168,
        5767168,
        5767168,
        5767168,
        5898240,
        5898240,
        5898240,
        5898240,
        5898240,
        5898240,
        5898240,
        5898240,
        5898240,
        5898240,
        5898240,
        5898240,
        5898240,
        5898240,
        5898240,
        5898240,
        5898240,
        5898240,
        5898240,
        5898240,
        5898240,
        5898240,
        5898240,
        5898240,
        5898240,
        5898240,
        5898240,
        5898240,
        5898240,
        5898240,
        5898240,
        5898240,
        5898240,
        5898240,
        5898240,
        5898240,
        5898240,
        5898240,
        5898240,
        5898240,
        5898240,
        5898240,
        5898240,
        5898240,
        5898240,
        5898240,
        5898240,
        5898240,
        5898240,
        5898240,
        5898240,
        5898240,
        5898240,
        5898240,
        5898240
      ],
      "exit_codes": [
        0,
        0,
        0,
        0,
        0,
        0,
        0,
        0,
        0,
        0,
        0,
        0,
        0,
        0,
        0,
        0,
        0,
        0,
        0,
        0,
        0,
        0,
        0,
        0,
        0,
        0,
        0,
        0,
        0,
        0,
        0,
        0,
        0,
        0,
        0,
        0,
        0,
        0,
        0,
        0,
        0,
        0,
        0,
        0,
        0,
        0,
        0,
        0,
        0,
        0,
        0,
        0,
        0,
        0,
        0,
        0,
        0,
        0,
        0,
        0,
        0,
        0,
        0,
        0,
        0,
        0,
        0,
        0,
        0,
        0,
        0,
        0,
        0,
        0,
        0,
        0,
        0,
        0,
        0,
        0,
        0,
        0,
        0,
        0,
        0,
        0,
        0,
        0,
        0,
        0,
        0,
        0,
        0,
        0,
        0,
        0,
        0,
        0,
        0,
        0,
        0,
        0,
        0,
        0,
        0,
        0,
        0,
        0,
        0,
        0,
        0,
        0,
        0,
        0,
        0,
        0,
        0,
        0,
        0,
        0,
        0,
        0,
        0,
        0,
        0,
        0,
        0,
        0
      ]
    },
    {
      "command": "/home/hasi/grit/target/release/grit -C /home/hasi/grit/bench/.scratch rm -q --cached dir1/file1.txt",
      "mean": 0.004660825300238097,
      "stddev": 0.0005410847765783171,
      "median": 0.00460550408,
      "user": 0.0013315285714285714,
      "system": 0.0033104952380952385,
      "min": 0.00343616208,
      "max": 0.006917210080000001,